{"count":1,"self":59.9879104,"total":60.278586499999996,"children":{"InitializeActuators":{"count":12,"self":0.0010175,"total":0.0010175,"children":null},"InitializeSensors":{"count":12,"self":0.0010130999999999999,"total":0.0010130999999999999,"children":null},"AgentSendState":{"count":2774,"self":0.025789899999999998,"total":0.049746599999999995,"children":{"CollectObservations":{"count":6660,"self":0.0109727,"total":0.0109727,"children":null},"WriteActionMask":{"count":6660,"self":0.0039949999999999994,"total":0.0039949999999999994,"children":null},"RequestDecision":{"count":6660,"self":0.0089889999999999987,"total":0.0089889999999999987,"children":null}}},"DecideAction":{"count":2774,"self":0.13282629999999998,"total":0.13282629999999998,"children":null},"AgentAct":{"count":2774,"self":0.1050706,"total":0.1050706,"children":null}},"gauges":{},"metadata":{"timer_format_version":"0.1.0","start_time_seconds":"1746525193","unity_version":"2023.2.20f1","command_line_arguments":"C:\\Program Files\\Unity\\Hub\\Editor\\2023.2.20f1\\Editor\\Unity.exe -projectpath C:\\Users\\joseRamon\\proyectos\\ia\\TestMLAgents -useHub -hubIPC -cloudEnvironment production","communication_protocol_version":"1.5.0","com.unity.ml-agents_version":"3.0.0","scene_name":"3DBall","end_time_seconds":"1746525253"}}